state,fips,year,pop
Alabama,1,1971,3497076
Alabama,1,1972,3539400
Alabama,1,1973,3579780
Alabama,1,1974,3626499
Alabama,1,1975,3678814
Alabama,1,1976,3735139
Alabama,1,1977,3780403
Alabama,1,1978,3831836
Alabama,1,1979,3866248
Alabama,1,1980,3898816.6
Alabama,1,1981,3918531
Alabama,1,1982,3925266
Alabama,1,1983,3934102
Alabama,1,1984,3951820
Alabama,1,1985,3972523
Alabama,1,1986,3991569
Alabama,1,1987,4015264
Alabama,1,1988,4023844
Alabama,1,1989,4030222
Alabama,1,1990,4048508
Alabama,1,1991,4091025
Alabama,1,1992,4139269
Alabama,1,1993,4193114
Alabama,1,1994,4232965
Alabama,1,1995,4262731
Alabama,1,1996,4290403
Alabama,1,1997,4320281
Alabama,1,1998,4351037
Alabama,1,1999,4369862
Alabama,1,2000,4452173
Alabama,1,2001,4467634
Alabama,1,2002,4480089
Alabama,1,2003,4503491
Alabama,1,2004,4530729
Alabama,1,2005,4569805
Alabama,1,2006,4628981
Alabama,1,2007,4672840
Alabama,1,2008,4718206
Alabama,1,2009,4757938
Alabama,1,2010,4785579
Alabama,1,2011,4798649
Alabama,1,2012,4813946
Alabama,1,2013,4827660
Alabama,1,2014,4840037
Alabama,1,2015,4850858
Alabama,1,2016,4860545
Alabama,1,2017,4874747
Alaska,2,1971,315510
Alaska,2,1972,324464
Alaska,2,1973,330543
Alaska,2,1974,341063
Alaska,2,1975,376170
Alaska,2,1976,400969
Alaska,2,1977,403436
Alaska,2,1978,404766
Alaska,2,1979,402753
Alaska,2,1980,405179
Alaska,2,1981,418491
Alaska,2,1982,449606
Alaska,2,1983,488417
Alaska,2,1984,513702
Alaska,2,1985,532495
Alaska,2,1986,544268
Alaska,2,1987,539309
Alaska,2,1988,541983
Alaska,2,1989,547159
Alaska,2,1990,553120
Alaska,2,1991,569273
Alaska,2,1992,587073
Alaska,2,1993,596993
Alaska,2,1994,600624
Alaska,2,1995,601345
Alaska,2,1996,604918
Alaska,2,1997,608846
Alaska,2,1998,615205
Alaska,2,1999,619500
Alaska,2,2000,627963
Alaska,2,2001,633714
Alaska,2,2002,642337
Alaska,2,2003,648414
Alaska,2,2004,659286
Alaska,2,2005,666946
Alaska,2,2006,675302
Alaska,2,2007,680300
Alaska,2,2008,687455
Alaska,2,2009,698895
Alaska,2,2010,714015
Alaska,2,2011,722259
Alaska,2,2012,730825
Alaska,2,2013,736760
Alaska,2,2014,736759
Alaska,2,2015,737979
Alaska,2,2016,741522
Alaska,2,2017,739795
Arizona,4,1971,1895814
Arizona,4,1972,2008291
Arizona,4,1973,2124438
Arizona,4,1974,2223196
Arizona,4,1975,2284847
Arizona,4,1976,2346157
Arizona,4,1977,2425197
Arizona,4,1978,2515316
Arizona,4,1979,2635571
Arizona,4,1980,2736593.4
Arizona,4,1981,2810107
Arizona,4,1982,2889861
Arizona,4,1983,2968925
Arizona,4,1984,3067135
Arizona,4,1985,3183538
Arizona,4,1986,3308262
Arizona,4,1987,3437103
Arizona,4,1988,3535183
Arizona,4,1989,3622185
Arizona,4,1990,3679056
Arizona,4,1991,3762394
Arizona,4,1992,3867333
Arizona,4,1993,3993390
Arizona,4,1994,4147561
Arizona,4,1995,4306908
Arizona,4,1996,4432308
Arizona,4,1997,4552207
Arizona,4,1998,4667277
Arizona,4,1999,4778332
Arizona,4,2000,5160586
Arizona,4,2001,5273477
Arizona,4,2002,5396255
Arizona,4,2003,5510364
Arizona,4,2004,5652404
Arizona,4,2005,5839077
Arizona,4,2006,6029141
Arizona,4,2007,6167681
Arizona,4,2008,6280362
Arizona,4,2009,6343154
Arizona,4,2010,6407002
Arizona,4,2011,6465488
Arizona,4,2012,6544211
Arizona,4,2013,6616124
Arizona,4,2014,6706435
Arizona,4,2015,6802262
Arizona,4,2016,6908642
Arizona,4,2017,7016270
Arkansas,5,1971,1972312
Arkansas,5,1972,2018638
Arkansas,5,1973,2059256
Arkansas,5,1974,2101403
Arkansas,5,1975,2159526
Arkansas,5,1976,2170161
Arkansas,5,1977,2209010
Arkansas,5,1978,2243127
Arkansas,5,1979,2271333
Arkansas,5,1980,2287788.2
Arkansas,5,1981,2293201
Arkansas,5,1982,2294257
Arkansas,5,1983,2305761
Arkansas,5,1984,2319768
Arkansas,5,1985,2327046
Arkansas,5,1986,2331984
Arkansas,5,1987,2342355
Arkansas,5,1988,2342656
Arkansas,5,1989,2346358
Arkansas,5,1990,2354343
Arkansas,5,1991,2370666
Arkansas,5,1992,2394098
Arkansas,5,1993,2423743
Arkansas,5,1994,2450605
Arkansas,5,1995,2480121
Arkansas,5,1996,2504858
Arkansas,5,1997,2524007
Arkansas,5,1998,2538202
Arkansas,5,1999,2551373
Arkansas,5,2000,2678588
Arkansas,5,2001,2691571
Arkansas,5,2002,2705927
Arkansas,5,2003,2724816
Arkansas,5,2004,2749686
Arkansas,5,2005,2781097
Arkansas,5,2006,2821761
Arkansas,5,2007,2848650
Arkansas,5,2008,2874554
Arkansas,5,2009,2896843
Arkansas,5,2010,2921737
Arkansas,5,2011,2938640
Arkansas,5,2012,2949208
Arkansas,5,2013,2956780
Arkansas,5,2014,2964800
Arkansas,5,2015,2975626
Arkansas,5,2016,2988231
Arkansas,5,2017,3004279
California,6,1971,20345939
California,6,1972,20585469
California,6,1973,20868728
California,6,1974,21173865
California,6,1975,21537849
California,6,1976,21935909
California,6,1977,22352396
California,6,1978,22835958
California,6,1979,23256880
California,6,1980,23791508.2
California,6,1981,24285933
California,6,1982,24820009
California,6,1983,25360026
California,6,1984,25844393
California,6,1985,26441109
California,6,1986,27102237
California,6,1987,27777158
California,6,1988,28464249
California,6,1989,29218164
California,6,1990,29950111
California,6,1991,30414114
California,6,1992,30875920
California,6,1993,31147208
California,6,1994,31317179
California,6,1995,31493525
California,6,1996,31780829
California,6,1997,32217708
California,6,1998,32682794
California,6,1999,33145121
California,6,2000,33987977
California,6,2001,34479458
California,6,2002,34871843
California,6,2003,35253159
California,6,2004,35574576
California,6,2005,35827943
California,6,2006,36021202
California,6,2007,36250311
California,6,2008,36604337
California,6,2009,36961229
California,6,2010,37327690
California,6,2011,37672654
California,6,2012,38019006
California,6,2013,38347383
California,6,2014,38701278
California,6,2015,39032444
California,6,2016,39296476
California,6,2017,39536653
Colorado,8,1971,2303524
Colorado,8,1972,2404619
Colorado,8,1973,2495868
Colorado,8,1974,2541406
Colorado,8,1975,2586192
Colorado,8,1976,2632306
Colorado,8,1977,2696140
Colorado,8,1978,2766748
Colorado,8,1979,2849234
Colorado,8,1980,2907550.8
Colorado,8,1981,2977898
Colorado,8,1982,3061564
Colorado,8,1983,3133630
Colorado,8,1984,3169992
Colorado,8,1985,3208723
Colorado,8,1986,3237450
Colorado,8,1987,3260480
Colorado,8,1988,3262281
Colorado,8,1989,3275818
Colorado,8,1990,3303862
Colorado,8,1991,3367567
Colorado,8,1992,3459995
Colorado,8,1993,3560884
Colorado,8,1994,3653910
Colorado,8,1995,3738061
Colorado,8,1996,3812716
Colorado,8,1997,3891293
Colorado,8,1998,3968967
Colorado,8,1999,4056133
Colorado,8,2000,4326921
Colorado,8,2001,4425687
Colorado,8,2002,4490406
Colorado,8,2003,4528732
Colorado,8,2004,4575013
Colorado,8,2005,4631888
Colorado,8,2006,4720423
Colorado,8,2007,4803868
Colorado,8,2008,4889730
Colorado,8,2009,4972195
Colorado,8,2010,5048029
Colorado,8,2011,5116411
Colorado,8,2012,5186330
Colorado,8,2013,5262556
Colorado,8,2014,5342311
Colorado,8,2015,5440445
Colorado,8,2016,5530105
Colorado,8,2017,5607154
Connecticut,9,1971,3060938
Connecticut,9,1972,3068699
Connecticut,9,1973,3067814
Connecticut,9,1974,3074047
Connecticut,9,1975,3082500
Connecticut,9,1976,3083335
Connecticut,9,1977,3085722
Connecticut,9,1978,3091627
Connecticut,9,1979,3095917
Connecticut,9,1980,3111828
Connecticut,9,1981,3128836
Connecticut,9,1982,3139013
Connecticut,9,1983,3162354
Connecticut,9,1984,3180014
Connecticut,9,1985,3201131
Connecticut,9,1986,3223740
Connecticut,9,1987,3247291
Connecticut,9,1988,3271953
Connecticut,9,1989,3283403
Connecticut,9,1990,3289056
Connecticut,9,1991,3288640
Connecticut,9,1992,3274997
Connecticut,9,1993,3272325
Connecticut,9,1994,3268346
Connecticut,9,1995,3265293
Connecticut,9,1996,3267030
Connecticut,9,1997,3268514
Connecticut,9,1998,3272563
Connecticut,9,1999,3282031
Connecticut,9,2000,3411777
Connecticut,9,2001,3432835
Connecticut,9,2002,3458749
Connecticut,9,2003,3484336
Connecticut,9,2004,3496094
Connecticut,9,2005,3506956
Connecticut,9,2006,3517460
Connecticut,9,2007,3527270
Connecticut,9,2008,3545579
Connecticut,9,2009,3561807
Connecticut,9,2010,3580171
Connecticut,9,2011,3591927
Connecticut,9,2012,3597705
Connecticut,9,2013,3602470
Connecticut,9,2014,3600188
Connecticut,9,2015,3593862
Connecticut,9,2016,3587685
Connecticut,9,2017,3588184
Delaware,10,1971,564708
Delaware,10,1972,572913
Delaware,10,1973,577759
Delaware,10,1974,581418
Delaware,10,1975,586589
Delaware,10,1976,590166
Delaware,10,1977,591829
Delaware,10,1978,594776
Delaware,10,1979,594984
Delaware,10,1980,594665.4
Delaware,10,1981,595975
Delaware,10,1982,599148
Delaware,10,1983,605458
Delaware,10,1984,611565
Delaware,10,1985,618280
Delaware,10,1986,627559
Delaware,10,1987,636947
Delaware,10,1988,647622
Delaware,10,1989,658273
Delaware,10,1990,669063
Delaware,10,1991,680495
Delaware,10,1992,690158
Delaware,10,1993,699475
Delaware,10,1994,708416
Delaware,10,1995,718265
Delaware,10,1996,727090
Delaware,10,1997,735024
Delaware,10,1998,744066
Delaware,10,1999,753538
Delaware,10,2000,786373
Delaware,10,2001,795699
Delaware,10,2002,806169
Delaware,10,2003,818003
Delaware,10,2004,830803
Delaware,10,2005,845150
Delaware,10,2006,859268
Delaware,10,2007,871749
Delaware,10,2008,883874
Delaware,10,2009,891730
Delaware,10,2010,899712
Delaware,10,2011,907884
Delaware,10,2012,916868
Delaware,10,2013,925114
Delaware,10,2014,934805
Delaware,10,2015,944107
Delaware,10,2016,952698
Delaware,10,2017,961939
District of Columbia,11,1971,749781
District of Columbia,11,1972,742241
District of Columbia,11,1973,731488
District of Columbia,11,1974,717947
District of Columbia,11,1975,706871
District of Columbia,11,1976,692295
District of Columbia,11,1977,677228
District of Columbia,11,1978,665052
District of Columbia,11,1979,650016
District of Columbia,11,1980,638045
District of Columbia,11,1981,636893
District of Columbia,11,1982,634174
District of Columbia,11,1983,632433
District of Columbia,11,1984,633382
District of Columbia,11,1985,634549
District of Columbia,11,1986,638269
District of Columbia,11,1987,636930
District of Columbia,11,1988,630432
District of Columbia,11,1989,624168
District of Columbia,11,1990,603814
District of Columbia,11,1991,593239
District of Columbia,11,1992,584183
District of Columbia,11,1993,576358
District of Columbia,11,1994,564982
District of Columbia,11,1995,551273
District of Columbia,11,1996,538273
District of Columbia,11,1997,528752
District of Columbia,11,1998,521426
District of Columbia,11,1999,519000
District of Columbia,11,2000,572046
District of Columbia,11,2001,574504
District of Columbia,11,2002,573158
District of Columbia,11,2003,568502
District of Columbia,11,2004,567754
District of Columbia,11,2005,567136
District of Columbia,11,2006,570681
District of Columbia,11,2007,574404
District of Columbia,11,2008,580236
District of Columbia,11,2009,592228
District of Columbia,11,2010,605040
District of Columbia,11,2011,620336
District of Columbia,11,2012,635630
District of Columbia,11,2013,650114
District of Columbia,11,2014,660797
District of Columbia,11,2015,672736
District of Columbia,11,2016,684336
District of Columbia,11,2017,693972
Florida,12,1971,7158304
Florida,12,1972,7511463
Florida,12,1973,7913696
Florida,12,1974,8298762
Florida,12,1975,8518422
Florida,12,1976,8667379
Florida,12,1977,8856183
Florida,12,1978,9102032
Florida,12,1979,9426159
Florida,12,1980,9835614
Florida,12,1981,10192774
Florida,12,1982,10471407
Florida,12,1983,10749851
Florida,12,1984,11039925
Florida,12,1985,11351118
Florida,12,1986,11667505
Florida,12,1987,11997283
Florida,12,1988,12306395
Florida,12,1989,12637715
Florida,12,1990,13018365
Florida,12,1991,13289497
Florida,12,1992,13504775
Florida,12,1993,13713593
Florida,12,1994,13961798
Florida,12,1995,14185403
Florida,12,1996,14426911
Florida,12,1997,14683350
Florida,12,1998,14908230
Florida,12,1999,15111244
Florida,12,2000,16047515
Florida,12,2001,16356966
Florida,12,2002,16689370
Florida,12,2003,17004085
Florida,12,2004,17415318
Florida,12,2005,17842038
Florida,12,2006,18166990
Florida,12,2007,18367842
Florida,12,2008,18527305
Florida,12,2009,18652644
Florida,12,2010,18846461
Florida,12,2011,19097369
Florida,12,2012,19341327
Florida,12,2013,19584927
Florida,12,2014,19897747
Florida,12,2015,20268567
Florida,12,2016,20656589
Florida,12,2017,20984400
Georgia,13,1971,4711550
Georgia,13,1972,4809490
Georgia,13,1973,4910374
Georgia,13,1974,4999419
Georgia,13,1975,5064075
Georgia,13,1976,5132812
Georgia,13,1977,5219697
Georgia,13,1978,5295751
Georgia,13,1979,5401384
Georgia,13,1980,5484153
Georgia,13,1981,5568345
Georgia,13,1982,5649792
Georgia,13,1983,5728250
Georgia,13,1984,5834954
Georgia,13,1985,5962661
Georgia,13,1986,6084666
Georgia,13,1987,6208467
Georgia,13,1988,6316142
Georgia,13,1989,6411099
Georgia,13,1990,6506531
Georgia,13,1991,6621279
Georgia,13,1992,6759474
Georgia,13,1993,6894092
Georgia,13,1994,7045900
Georgia,13,1995,7188538
Georgia,13,1996,7332225
Georgia,13,1997,7486094
Georgia,13,1998,7636522
Georgia,13,1999,7788240
Georgia,13,2000,8227303
Georgia,13,2001,8377038
Georgia,13,2002,8508256
Georgia,13,2003,8622793
Georgia,13,2004,8769252
Georgia,13,2005,8925922
Georgia,13,2006,9155813
Georgia,13,2007,9349988
Georgia,13,2008,9504843
Georgia,13,2009,9620846
Georgia,13,2010,9712696
Georgia,13,2011,9810595
Georgia,13,2012,9911171
Georgia,13,2013,9981773
Georgia,13,2014,10083850
Georgia,13,2015,10199533
Georgia,13,2016,10313620
Georgia,13,2017,10429379
Hawaii,15,1971,801644
Hawaii,15,1972,828331
Hawaii,15,1973,851595
Hawaii,15,1974,867978
Hawaii,15,1975,886160
Hawaii,15,1976,904191
Hawaii,15,1977,918259
Hawaii,15,1978,931584
Hawaii,15,1979,953306
Hawaii,15,1980,967391.8
Hawaii,15,1981,978195
Hawaii,15,1982,993780
Hawaii,15,1983,1012717
Hawaii,15,1984,1027922
Hawaii,15,1985,1039698
Hawaii,15,1986,1051762
Hawaii,15,1987,1067918
Hawaii,15,1988,1079828
Hawaii,15,1989,1094588
Hawaii,15,1990,1112703
Hawaii,15,1991,1131412
Hawaii,15,1992,1149926
Hawaii,15,1993,1161508
Hawaii,15,1994,1173903
Hawaii,15,1995,1180490
Hawaii,15,1996,1184434
Hawaii,15,1997,1189322
Hawaii,15,1998,1190472
Hawaii,15,1999,1185497
Hawaii,15,2000,1213519
Hawaii,15,2001,1225948
Hawaii,15,2002,1239613
Hawaii,15,2003,1251154
Hawaii,15,2004,1273569
Hawaii,15,2005,1292729
Hawaii,15,2006,1309731
Hawaii,15,2007,1315675
Hawaii,15,2008,1332213
Hawaii,15,2009,1346717
Hawaii,15,2010,1363817
Hawaii,15,2011,1378323
Hawaii,15,2012,1392772
Hawaii,15,2013,1408038
Hawaii,15,2014,1417710
Hawaii,15,2015,1426320
Hawaii,15,2016,1428683
Hawaii,15,2017,1427538
Idaho,16,1971,738753
Idaho,16,1972,763237
Idaho,16,1973,782074
Idaho,16,1974,807990
Idaho,16,1975,831982
Idaho,16,1976,856983
Idaho,16,1977,883469
Idaho,16,1978,910690
Idaho,16,1979,932627
Idaho,16,1980,947588.8
Idaho,16,1981,962204
Idaho,16,1982,973721
Idaho,16,1983,981869
Idaho,16,1984,990839
Idaho,16,1985,994051
Idaho,16,1986,990224
Idaho,16,1987,984997
Idaho,16,1988,985664
Idaho,16,1989,994416
Idaho,16,1990,1011882
Idaho,16,1991,1038915
Idaho,16,1992,1066490
Idaho,16,1993,1101204
Idaho,16,1994,1135459
Idaho,16,1995,1165000
Idaho,16,1996,1187706
Idaho,16,1997,1210638
Idaho,16,1998,1230923
Idaho,16,1999,1251700
Idaho,16,2000,1299430
Idaho,16,2001,1319962
Idaho,16,2002,1340372
Idaho,16,2003,1363380
Idaho,16,2004,1391802
Idaho,16,2005,1428241
Idaho,16,2006,1468669
Idaho,16,2007,1505105
Idaho,16,2008,1534320
Idaho,16,2009,1554439
Idaho,16,2010,1570912
Idaho,16,2011,1583180
Idaho,16,2012,1594673
Idaho,16,2013,1610187
Idaho,16,2014,1630391
Idaho,16,2015,1649324
Idaho,16,2016,1680026
Idaho,16,2017,1716943
Illinois,17,1971,11202397
Illinois,17,1972,11251948
Illinois,17,1973,11251367
Illinois,17,1974,11262145
Illinois,17,1975,11291743
Illinois,17,1976,11342853
Illinois,17,1977,11386316
Illinois,17,1978,11412561
Illinois,17,1979,11396837
Illinois,17,1980,11429906
Illinois,17,1981,11443458
Illinois,17,1982,11423412
Illinois,17,1983,11408818
Illinois,17,1984,11412132
Illinois,17,1985,11399806
Illinois,17,1986,11387257
Illinois,17,1987,11391178
Illinois,17,1988,11390183
Illinois,17,1989,11409782
Illinois,17,1990,11446979
Illinois,17,1991,11535973
Illinois,17,1992,11635197
Illinois,17,1993,11725984
Illinois,17,1994,11804986
Illinois,17,1995,11884935
Illinois,17,1996,11953003
Illinois,17,1997,12011509
Illinois,17,1998,12069774
Illinois,17,1999,12128370
Illinois,17,2000,12434161
Illinois,17,2001,12488445
Illinois,17,2002,12525556
Illinois,17,2003,12556006
Illinois,17,2004,12589773
Illinois,17,2005,12609903
Illinois,17,2006,12643955
Illinois,17,2007,12695866
Illinois,17,2008,12747038
Illinois,17,2009,12796778
Illinois,17,2010,12841196
Illinois,17,2011,12862298
Illinois,17,2012,12878494
Illinois,17,2013,12890403
Illinois,17,2014,12882438
Illinois,17,2015,12862051
Illinois,17,2016,12835726
Illinois,17,2017,12802023
Indiana,18,1971,5253396
Indiana,18,1972,5302435
Indiana,18,1973,5338277
Indiana,18,1974,5361890
Indiana,18,1975,5365766
Indiana,18,1976,5389088
Indiana,18,1977,5425638
Indiana,18,1978,5470214
Indiana,18,1979,5501174
Indiana,18,1980,5488266.2
Indiana,18,1981,5480435
Indiana,18,1982,5467922
Indiana,18,1983,5450395
Indiana,18,1984,5458322
Indiana,18,1985,5459211
Indiana,18,1986,5454108
Indiana,18,1987,5473012
Indiana,18,1988,5491735
Indiana,18,1989,5523693
Indiana,18,1990,5555097
Indiana,18,1991,5602062
Indiana,18,1992,5648649
Indiana,18,1993,5701965
Indiana,18,1994,5745626
Indiana,18,1995,5791819
Indiana,18,1996,5834908
Indiana,18,1997,5872370
Indiana,18,1998,5907617
Indiana,18,1999,5942901
Indiana,18,2000,6091866
Indiana,18,2001,6127760
Indiana,18,2002,6155967
Indiana,18,2003,6196638
Indiana,18,2004,6233007
Indiana,18,2005,6278616
Indiana,18,2006,6332669
Indiana,18,2007,6379599
Indiana,18,2008,6424806
Indiana,18,2009,6459325
Indiana,18,2010,6490029
Indiana,18,2011,6515358
Indiana,18,2012,6535665
Indiana,18,2013,6567484
Indiana,18,2014,6593182
Indiana,18,2015,6610596
Indiana,18,2016,6634007
Indiana,18,2017,6666818
Iowa,19,1971,2851705
Iowa,19,1972,2860287
Iowa,19,1973,2863715
Iowa,19,1974,2867530
Iowa,19,1975,2880847
Iowa,19,1976,2903082
Iowa,19,1977,2913573
Iowa,19,1978,2918069
Iowa,19,1979,2915739
Iowa,19,1980,2912643
Iowa,19,1981,2907983
Iowa,19,1982,2888189
Iowa,19,1983,2870543
Iowa,19,1984,2858618
Iowa,19,1985,2829684
Iowa,19,1986,2791970
Iowa,19,1987,2767011
Iowa,19,1988,2768388
Iowa,19,1989,2770592
Iowa,19,1990,2779769
Iowa,19,1991,2791227
Iowa,19,1992,2806923
Iowa,19,1993,2820525
Iowa,19,1994,2829422
Iowa,19,1995,2840860
Iowa,19,1996,2848473
Iowa,19,1997,2854396
Iowa,19,1998,2861025
Iowa,19,1999,2869413
Iowa,19,2000,2929067
Iowa,19,2001,2931997
Iowa,19,2002,2934234
Iowa,19,2003,2941999
Iowa,19,2004,2953635
Iowa,19,2005,2964454
Iowa,19,2006,2982644
Iowa,19,2007,2999212
Iowa,19,2008,3016734
Iowa,19,2009,3032870
Iowa,19,2010,3050223
Iowa,19,2011,3063690
Iowa,19,2012,3074386
Iowa,19,2013,3089876
Iowa,19,2014,3105563
Iowa,19,2015,3118473
Iowa,19,2016,3130869
Iowa,19,2017,3145711
Kansas,20,1971,2246600
Kansas,20,1972,2256375
Kansas,20,1973,2265603
Kansas,20,1974,2269499
Kansas,20,1975,2280578
Kansas,20,1976,2301001
Kansas,20,1977,2320647
Kansas,20,1978,2335657
Kansas,20,1979,2350906
Kansas,20,1980,2367913
Kansas,20,1981,2384849
Kansas,20,1982,2401202
Kansas,20,1983,2415531
Kansas,20,1984,2424086
Kansas,20,1985,2427405
Kansas,20,1986,2432619
Kansas,20,1987,2445367
Kansas,20,1988,2461996
Kansas,20,1989,2472849
Kansas,20,1990,2480683
Kansas,20,1991,2495209
Kansas,20,1992,2526042
Kansas,20,1993,2547605
Kansas,20,1994,2569118
Kansas,20,1995,2586942
Kansas,20,1996,2598266
Kansas,20,1997,2616339
Kansas,20,1998,2638667
Kansas,20,1999,2654052
Kansas,20,2000,2693681
Kansas,20,2001,2702162
Kansas,20,2002,2713535
Kansas,20,2003,2723004
Kansas,20,2004,2734373
Kansas,20,2005,2745299
Kansas,20,2006,2762931
Kansas,20,2007,2783785
Kansas,20,2008,2808076
Kansas,20,2009,2832704
Kansas,20,2010,2858403
Kansas,20,2011,2868756
Kansas,20,2012,2885316
Kansas,20,2013,2892900
Kansas,20,2014,2899553
Kansas,20,2015,2905789
Kansas,20,2016,2907731
Kansas,20,2017,2913123
Kentucky,21,1971,3298053
Kentucky,21,1972,3335728
Kentucky,21,1973,3371024
Kentucky,21,1974,3416315
Kentucky,21,1975,3467769
Kentucky,21,1976,3529257
Kentucky,21,1977,3573693
Kentucky,21,1978,3609976
Kentucky,21,1979,3641804
Kentucky,21,1980,3662700.4
Kentucky,21,1981,3670394
Kentucky,21,1982,3683445
Kentucky,21,1983,3694484
Kentucky,21,1984,3695453
Kentucky,21,1985,3694826
Kentucky,21,1986,3687809
Kentucky,21,1987,3683329
Kentucky,21,1988,3679999
Kentucky,21,1989,3677306
Kentucky,21,1990,3692584
Kentucky,21,1991,3714686
Kentucky,21,1992,3756358
Kentucky,21,1993,3792288
Kentucky,21,1994,3823215
Kentucky,21,1995,3855248
Kentucky,21,1996,3881051
Kentucky,21,1997,3907816
Kentucky,21,1998,3934310
Kentucky,21,1999,3960825
Kentucky,21,2000,4049021
Kentucky,21,2001,4068132
Kentucky,21,2002,4089875
Kentucky,21,2003,4117170
Kentucky,21,2004,4146101
Kentucky,21,2005,4182742
Kentucky,21,2006,4219239
Kentucky,21,2007,4256672
Kentucky,21,2008,4289878
Kentucky,21,2009,4317074
Kentucky,21,2010,4347948
Kentucky,21,2011,4368505
Kentucky,21,2012,4383673
Kentucky,21,2013,4399121
Kentucky,21,2014,4410415
Kentucky,21,2015,4422057
Kentucky,21,2016,4436113
Kentucky,21,2017,4454189
Louisiana,22,1971,3710487
Louisiana,22,1972,3761646
Louisiana,22,1973,3788375
Louisiana,22,1974,3820109
Louisiana,22,1975,3886104
Louisiana,22,1976,3950605
Louisiana,22,1977,4014459
Louisiana,22,1978,4068579
Louisiana,22,1979,4137665
Louisiana,22,1980,4221380.6
Louisiana,22,1981,4283303
Louisiana,22,1982,4352608
Louisiana,22,1983,4395316
Louisiana,22,1984,4400477
Louisiana,22,1985,4408118
Louisiana,22,1986,4406919
Louisiana,22,1987,4344148
Louisiana,22,1988,4288863
Louisiana,22,1989,4252894
Louisiana,22,1990,4219179
Louisiana,22,1991,4240950
Louisiana,22,1992,4270849
Louisiana,22,1993,4284749
Louisiana,22,1994,4306500
Louisiana,22,1995,4327978
Louisiana,22,1996,4338763
Louisiana,22,1997,4351390
Louisiana,22,1998,4362758
Louisiana,22,1999,4372035
Louisiana,22,2000,4471885
Louisiana,22,2001,4477875
Louisiana,22,2002,4497267
Louisiana,22,2003,4521042
Louisiana,22,2004,4552238
Louisiana,22,2005,4576628
Louisiana,22,2006,4302665
Louisiana,22,2007,4375581
Louisiana,22,2008,4435586
Louisiana,22,2009,4491648
Louisiana,22,2010,4544871
Louisiana,22,2011,4574388
Louisiana,22,2012,4602681
Louisiana,22,2013,4626795
Louisiana,22,2014,4648797
Louisiana,22,2015,4671211
Louisiana,22,2016,4686157
Louisiana,22,2017,4684333
Maine,23,1971,1015390
Maine,23,1972,1034292
Maine,23,1973,1045655
Maine,23,1974,1059040
Maine,23,1975,1071995
Maine,23,1976,1088412
Maine,23,1977,1103578
Maine,23,1978,1113566
Maine,23,1979,1122563
Maine,23,1980,1126334.6
Maine,23,1981,1133033
Maine,23,1982,1136684
Maine,23,1983,1144772
Maine,23,1984,1155635
Maine,23,1985,1162936
Maine,23,1986,1170126
Maine,23,1987,1184574
Maine,23,1988,1203840
Maine,23,1989,1219961
Maine,23,1990,1231296
Maine,23,1991,1235439
Maine,23,1992,1235748
Maine,23,1993,1238256
Maine,23,1994,1237687
Maine,23,1995,1237438
Maine,23,1996,1241436
Maine,23,1997,1245215
Maine,23,1998,1247554
Maine,23,1999,1253040
Maine,23,2000,1277072
Maine,23,2001,1285692
Maine,23,2002,1295960
Maine,23,2003,1306513
Maine,23,2004,1313688
Maine,23,2005,1318787
Maine,23,2006,1323619
Maine,23,2007,1327040
Maine,23,2008,1330509
Maine,23,2009,1329590
Maine,23,2010,1327568
Maine,23,2011,1327968
Maine,23,2012,1328101
Maine,23,2013,1327975
Maine,23,2014,1328903
Maine,23,2015,1327787
Maine,23,2016,1330232
Maine,23,2017,1335907
Maryland,24,1971,4018324
Maryland,24,1972,4073499
Maryland,24,1973,4097974
Maryland,24,1974,4118815
Maryland,24,1975,4139096
Maryland,24,1976,4150539
Maryland,24,1977,4169595
Maryland,24,1978,4183603
Maryland,24,1979,4191160
Maryland,24,1980,4225961
Maryland,24,1981,4261905
Maryland,24,1982,4282923
Maryland,24,1983,4313327
Maryland,24,1984,4365243
Maryland,24,1985,4413071
Maryland,24,1986,4486957
Maryland,24,1987,4565557
Maryland,24,1988,4657904
Maryland,24,1989,4727301
Maryland,24,1990,4797431
Maryland,24,1991,4856176
Maryland,24,1992,4902545
Maryland,24,1993,4942504
Maryland,24,1994,4985411
Maryland,24,1995,5023650
Maryland,24,1996,5057142
Maryland,24,1997,5092914
Maryland,24,1998,5130072
Maryland,24,1999,5171634
Maryland,24,2000,5311034
Maryland,24,2001,5374691
Maryland,24,2002,5440389
Maryland,24,2003,5496269
Maryland,24,2004,5546935
Maryland,24,2005,5592379
Maryland,24,2006,5627367
Maryland,24,2007,5653408
Maryland,24,2008,5684965
Maryland,24,2009,5730388
Maryland,24,2010,5788099
Maryland,24,2011,5843115
Maryland,24,2012,5891680
Maryland,24,2013,5932654
Maryland,24,2014,5970245
Maryland,24,2015,6000561
Maryland,24,2016,6024752
Maryland,24,2017,6052177
Massachusetts,25,1971,5737580
Massachusetts,25,1972,5760302
Massachusetts,25,1973,5781172
Massachusetts,25,1974,5773548
Massachusetts,25,1975,5757756
Massachusetts,25,1976,5743672
Massachusetts,25,1977,5738199
Massachusetts,25,1978,5736469
Massachusetts,25,1979,5738404
Massachusetts,25,1980,5743366.6
Massachusetts,25,1981,5768685
Massachusetts,25,1982,5771222
Massachusetts,25,1983,5799407
Massachusetts,25,1984,5840773
Massachusetts,25,1985,5880733
Massachusetts,25,1986,5902678
Massachusetts,25,1987,5935204
Massachusetts,25,1988,5979982
Massachusetts,25,1989,6015478
Massachusetts,25,1990,6018664
Massachusetts,25,1991,5998652
Massachusetts,25,1992,5993474
Massachusetts,25,1993,6010884
Massachusetts,25,1994,6031352
Massachusetts,25,1995,6062335
Massachusetts,25,1996,6085393
Massachusetts,25,1997,6115476
Massachusetts,25,1998,6144407
Massachusetts,25,1999,6175169
Massachusetts,25,2000,6361104
Massachusetts,25,2001,6397634
Massachusetts,25,2002,6417206
Massachusetts,25,2003,6422565
Massachusetts,25,2004,6412281
Massachusetts,25,2005,6403290
Massachusetts,25,2006,6410084
Massachusetts,25,2007,6431559
Massachusetts,25,2008,6468967
Massachusetts,25,2009,6517613
Massachusetts,25,2010,6564943
Massachusetts,25,2011,6612178
Massachusetts,25,2012,6659627
Massachusetts,25,2013,6711138
Massachusetts,25,2014,6757925
Massachusetts,25,2015,6794002
Massachusetts,25,2016,6823721
Massachusetts,25,2017,6859819
Michigan,26,1971,8974186
Michigan,26,1972,9028944
Michigan,26,1973,9077956
Michigan,26,1974,9117507
Michigan,26,1975,9117668
Michigan,26,1976,9129205
Michigan,26,1977,9171110
Michigan,26,1978,9217761
Michigan,26,1979,9266268
Michigan,26,1980,9251519.8
Michigan,26,1981,9209287
Michigan,26,1982,9115198
Michigan,26,1983,9047754
Michigan,26,1984,9049452
Michigan,26,1985,9076293
Michigan,26,1986,9127775
Michigan,26,1987,9187481
Michigan,26,1988,9217998
Michigan,26,1989,9253295
Michigan,26,1990,9310462
Michigan,26,1991,9395022
Michigan,26,1992,9470323
Michigan,26,1993,9529240
Michigan,26,1994,9584481
Michigan,26,1995,9659871
Michigan,26,1996,9739184
Michigan,26,1997,9785450
Michigan,26,1998,9820231
Michigan,26,1999,9863775
Michigan,26,2000,9952450
Michigan,26,2001,9991120
Michigan,26,2002,10015710
Michigan,26,2003,10041152
Michigan,26,2004,10055315
Michigan,26,2005,10051137
Michigan,26,2006,10036081
Michigan,26,2007,10001284
Michigan,26,2008,9946889
Michigan,26,2009,9901591
Michigan,26,2010,9876731
Michigan,26,2011,9876199
Michigan,26,2012,9886610
Michigan,26,2013,9899219
Michigan,26,2014,9914675
Michigan,26,2015,9918170
Michigan,26,2016,9933445
Michigan,26,2017,9962311
Minnesota,27,1971,3853486
Minnesota,27,1972,3869747
Minnesota,27,1973,3889332
Minnesota,27,1974,3903925
Minnesota,27,1975,3932515
Minnesota,27,1976,3964680
Minnesota,27,1977,3989364
Minnesota,27,1978,4015341
Minnesota,27,1979,4050316
Minnesota,27,1980,4083121.6
Minnesota,27,1981,4111728
Minnesota,27,1982,4131450
Minnesota,27,1983,4141456
Minnesota,27,1984,4157706
Minnesota,27,1985,4184302
Minnesota,27,1986,4205212
Minnesota,27,1987,4235136
Minnesota,27,1988,4296166
Minnesota,27,1989,4338057
Minnesota,27,1990,4387283
Minnesota,27,1991,4427429
Minnesota,27,1992,4471503
Minnesota,27,1993,4521709
Minnesota,27,1994,4566028
Minnesota,27,1995,4605445
Minnesota,27,1996,4647723
Minnesota,27,1997,4687726
Minnesota,27,1998,4726411
Minnesota,27,1999,4775508
Minnesota,27,2000,4933692
Minnesota,27,2001,4982796
Minnesota,27,2002,5018935
Minnesota,27,2003,5053572
Minnesota,27,2004,5087713
Minnesota,27,2005,5119598
Minnesota,27,2006,5163555
Minnesota,27,2007,5207203
Minnesota,27,2008,5247018
Minnesota,27,2009,5281203
Minnesota,27,2010,5310711
Minnesota,27,2011,5345967
Minnesota,27,2012,5377695
Minnesota,27,2013,5416074
Minnesota,27,2014,5452649
Minnesota,27,2015,5483238
Minnesota,27,2016,5525050
Minnesota,27,2017,5576606
Mississippi,28,1971,2265432
Mississippi,28,1972,2307117
Mississippi,28,1973,2349546
Mississippi,28,1974,2378268
Mississippi,28,1975,2399449
Mississippi,28,1976,2429756
Mississippi,28,1977,2459201
Mississippi,28,1978,2487816
Mississippi,28,1979,2507069
Mississippi,28,1980,2524317.6
Mississippi,28,1981,2539036
Mississippi,28,1982,2556777
Mississippi,28,1983,2567717
Mississippi,28,1984,2578051
Mississippi,28,1985,2588102
Mississippi,28,1986,2593597
Mississippi,28,1987,2588545
Mississippi,28,1988,2580352
Mississippi,28,1989,2574269
Mississippi,28,1990,2577426
Mississippi,28,1991,2591230
Mississippi,28,1992,2610193
Mississippi,28,1993,2635574
Mississippi,28,1994,2663450
Mississippi,28,1995,2690788
Mississippi,28,1996,2709925
Mississippi,28,1997,2731826
Mississippi,28,1998,2751335
Mississippi,28,1999,2768619
Mississippi,28,2000,2848353
Mississippi,28,2001,2852994
Mississippi,28,2002,2858681
Mississippi,28,2003,2868312
Mississippi,28,2004,2889010
Mississippi,28,2005,2905943
Mississippi,28,2006,2904978
Mississippi,28,2007,2928350
Mississippi,28,2008,2947806
Mississippi,28,2009,2958774
Mississippi,28,2010,2970437
Mississippi,28,2011,2977452
Mississippi,28,2012,2982963
Mississippi,28,2013,2987721
Mississippi,28,2014,2988578
Mississippi,28,2015,2985297
Mississippi,28,2016,2985415
Mississippi,28,2017,2984100
Missouri,29,1971,4725764
Missouri,29,1972,4758780
Missouri,29,1973,4782645
Missouri,29,1974,4795930
Missouri,29,1975,4808308
Missouri,29,1976,4839029
Missouri,29,1977,4863173
Missouri,29,1978,4889399
Missouri,29,1979,4912430
Missouri,29,1980,4919761.6
Missouri,29,1981,4932064
Missouri,29,1982,4929451
Missouri,29,1983,4943733
Missouri,29,1984,4975278
Missouri,29,1985,5000268
Missouri,29,1986,5023068
Missouri,29,1987,5056696
Missouri,29,1988,5081736
Missouri,29,1989,5095830
Missouri,29,1990,5126370
Missouri,29,1991,5157770
Missouri,29,1992,5193686
Missouri,29,1993,5237757
Missouri,29,1994,5281206
Missouri,29,1995,5324610
Missouri,29,1996,5367888
Missouri,29,1997,5407113
Missouri,29,1998,5437562
Missouri,29,1999,5468338
Missouri,29,2000,5607285
Missouri,29,2001,5641142
Missouri,29,2002,5674825
Missouri,29,2003,5709403
Missouri,29,2004,5747741
Missouri,29,2005,5790300
Missouri,29,2006,5842704
Missouri,29,2007,5887612
Missouri,29,2008,5923916
Missouri,29,2009,5961088
Missouri,29,2010,5995681
Missouri,29,2011,6010280
Missouri,29,2012,6023267
Missouri,29,2013,6041142
Missouri,29,2014,6058014
Missouri,29,2015,6072640
Missouri,29,2016,6091176
Missouri,29,2017,6113532
Montana,30,1971,710814
Montana,30,1972,718732
Montana,30,1973,726798
Montana,30,1974,736419
Montana,30,1975,748208
Montana,30,1976,757317
Montana,30,1977,769953
Montana,30,1978,782317
Montana,30,1979,787305
Montana,30,1980,788417.6
Montana,30,1981,795328
Montana,30,1982,803986
Montana,30,1983,814031
Montana,30,1984,820905
Montana,30,1985,822320
Montana,30,1986,813739
Montana,30,1987,805063
Montana,30,1988,800202
Montana,30,1989,799636
Montana,30,1990,799824
Montana,30,1991,807837
Montana,30,1992,822436
Montana,30,1993,839876
Montana,30,1994,854923
Montana,30,1995,868522
Montana,30,1996,876656
Montana,30,1997,878706
Montana,30,1998,879533
Montana,30,1999,882779
Montana,30,2000,903773
Montana,30,2001,906961
Montana,30,2002,911667
Montana,30,2003,919630
Montana,30,2004,930009
Montana,30,2005,940102
Montana,30,2006,952692
Montana,30,2007,964706
Montana,30,2008,976415
Montana,30,2009,983982
Montana,30,2010,990507
Montana,30,2011,996866
Montana,30,2012,1003522
Montana,30,2013,1011921
Montana,30,2014,1019931
Montana,30,2015,1028317
Montana,30,2016,1038656
Montana,30,2017,1050493
Nebraska,31,1971,1504604
Nebraska,31,1972,1519013
Nebraska,31,1973,1529567
Nebraska,31,1974,1539191
Nebraska,31,1975,1543117
Nebraska,31,1976,1550911
Nebraska,31,1977,1556842
Nebraska,31,1978,1563884
Nebraska,31,1979,1567344
Nebraska,31,1980,1571563
Nebraska,31,1981,1578515
Nebraska,31,1982,1581780
Nebraska,31,1983,1584293
Nebraska,31,1984,1588639
Nebraska,31,1985,1584664
Nebraska,31,1986,1574333
Nebraska,31,1987,1566547
Nebraska,31,1988,1571477
Nebraska,31,1989,1574864
Nebraska,31,1990,1580664
Nebraska,31,1991,1590805
Nebraska,31,1992,1602406
Nebraska,31,1993,1612149
Nebraska,31,1994,1621551
Nebraska,31,1995,1635142
Nebraska,31,1996,1647657
Nebraska,31,1997,1656042
Nebraska,31,1998,1660772
Nebraska,31,1999,1666028
Nebraska,31,2000,1713820
Nebraska,31,2001,1719836
Nebraska,31,2002,1728292
Nebraska,31,2003,1738643
Nebraska,31,2004,1749370
Nebraska,31,2005,1761497
Nebraska,31,2006,1772693
Nebraska,31,2007,1783440
Nebraska,31,2008,1796378
Nebraska,31,2009,1812683
Nebraska,31,2010,1829956
Nebraska,31,2011,1841641
Nebraska,31,2012,1854862
Nebraska,31,2013,1867414
Nebraska,31,2014,1880920
Nebraska,31,2015,1893564
Nebraska,31,2016,1907603
Nebraska,31,2017,1920076
Nevada,32,1971,520018
Nevada,32,1972,546789
Nevada,32,1973,568991
Nevada,32,1974,596822
Nevada,32,1975,619972
Nevada,32,1976,646975
Nevada,32,1977,678333
Nevada,32,1978,719436
Nevada,32,1979,765367
Nevada,32,1980,809925.4
Nevada,32,1981,847655
Nevada,32,1982,881537
Nevada,32,1983,901977
Nevada,32,1984,924922
Nevada,32,1985,951030
Nevada,32,1986,980613
Nevada,32,1987,1023376
Nevada,32,1988,1075022
Nevada,32,1989,1137382
Nevada,32,1990,1218629
Nevada,32,1991,1285046
Nevada,32,1992,1330694
Nevada,32,1993,1380197
Nevada,32,1994,1456388
Nevada,32,1995,1525777
Nevada,32,1996,1596476
Nevada,32,1997,1675581
Nevada,32,1998,1743772
Nevada,32,1999,1809253
Nevada,32,2000,2018741
Nevada,32,2001,2098399
Nevada,32,2002,2173791
Nevada,32,2003,2248850
Nevada,32,2004,2346222
Nevada,32,2005,2432143
Nevada,32,2006,2522658
Nevada,32,2007,2601072
Nevada,32,2008,2653630
Nevada,32,2009,2684665
Nevada,32,2010,2702797
Nevada,32,2011,2718170
Nevada,32,2012,2752410
Nevada,32,2013,2786547
Nevada,32,2014,2831730
Nevada,32,2015,2883057
Nevada,32,2016,2939254
Nevada,32,2017,2998039
New Hampshire,33,1971,761851
New Hampshire,33,1972,781107
New Hampshire,33,1973,800951
New Hampshire,33,1974,815914
New Hampshire,33,1975,828555
New Hampshire,33,1976,845248
New Hampshire,33,1977,869763
New Hampshire,33,1978,891520
New Hampshire,33,1979,909074
New Hampshire,33,1980,923812.2
New Hampshire,33,1981,936621
New Hampshire,33,1982,947719
New Hampshire,33,1983,958134
New Hampshire,33,1984,976864
New Hampshire,33,1985,996753
New Hampshire,33,1986,1025053
New Hampshire,33,1987,1054289
New Hampshire,33,1988,1082577
New Hampshire,33,1989,1104522
New Hampshire,33,1990,1111831
New Hampshire,33,1991,1107055
New Hampshire,33,1992,1112766
New Hampshire,33,1993,1122191
New Hampshire,33,1994,1133054
New Hampshire,33,1995,1145604
New Hampshire,33,1996,1160768
New Hampshire,33,1997,1173239
New Hampshire,33,1998,1185823
New Hampshire,33,1999,1201134
New Hampshire,33,2000,1239882
New Hampshire,33,2001,1255517
New Hampshire,33,2002,1269089
New Hampshire,33,2003,1279840
New Hampshire,33,2004,1290121
New Hampshire,33,2005,1298492
New Hampshire,33,2006,1308389
New Hampshire,33,2007,1312540
New Hampshire,33,2008,1315906
New Hampshire,33,2009,1316102
New Hampshire,33,2010,1316700
New Hampshire,33,2011,1318345
New Hampshire,33,2012,1320923
New Hampshire,33,2013,1322622
New Hampshire,33,2014,1328684
New Hampshire,33,2015,1330134
New Hampshire,33,2016,1335015
New Hampshire,33,2017,1342795
New Jersey,34,1971,7281107
New Jersey,34,1972,7335042
New Jersey,34,1973,7333083
New Jersey,34,1974,7332411
New Jersey,34,1975,7337765
New Jersey,34,1976,7339745
New Jersey,34,1977,7337169
New Jersey,34,1978,7350804
New Jersey,34,1979,7366512
New Jersey,34,1980,7373352.8
New Jersey,34,1981,7407472
New Jersey,34,1982,7430968
New Jersey,34,1983,7467785
New Jersey,34,1984,7515473
New Jersey,34,1985,7565528
New Jersey,34,1986,7622159
New Jersey,34,1987,7670742
New Jersey,34,1988,7712333
New Jersey,34,1989,7726089
New Jersey,34,1990,7757158
New Jersey,34,1991,7784269
New Jersey,34,1992,7827770
New Jersey,34,1993,7874891
New Jersey,34,1994,7918796
New Jersey,34,1995,7965523
New Jersey,34,1996,8009624
New Jersey,34,1997,8054178
New Jersey,34,1998,8095542
New Jersey,34,1999,8143412
New Jersey,34,2000,8430621
New Jersey,34,2001,8492671
New Jersey,34,2002,8552643
New Jersey,34,2003,8601402
New Jersey,34,2004,8634561
New Jersey,34,2005,8651974
New Jersey,34,2006,8661679
New Jersey,34,2007,8677885
New Jersey,34,2008,8711090
New Jersey,34,2009,8755602
New Jersey,34,2010,8803708
New Jersey,34,2011,8844694
New Jersey,34,2012,8882095
New Jersey,34,2013,8913735
New Jersey,34,2014,8943010
New Jersey,34,2015,8960001
New Jersey,34,2016,8978416
New Jersey,34,2017,9005644
New Mexico,35,1971,1053737
New Mexico,35,1972,1078697
New Mexico,35,1973,1105529
New Mexico,35,1974,1131309
New Mexico,35,1975,1159944
New Mexico,35,1976,1189295
New Mexico,35,1977,1215720
New Mexico,35,1978,1238034
New Mexico,35,1979,1284722
New Mexico,35,1980,1308864.8
New Mexico,35,1981,1332748
New Mexico,35,1982,1363823
New Mexico,35,1983,1394361
New Mexico,35,1984,1416717
New Mexico,35,1985,1438361
New Mexico,35,1986,1462729
New Mexico,35,1987,1478520
New Mexico,35,1988,1490337
New Mexico,35,1989,1503901
New Mexico,35,1990,1519933
New Mexico,35,1991,1547115
New Mexico,35,1992,1580750
New Mexico,35,1993,1614937
New Mexico,35,1994,1653329
New Mexico,35,1995,1682417
New Mexico,35,1996,1706151
New Mexico,35,1997,1722939
New Mexico,35,1998,1733535
New Mexico,35,1999,1739844
New Mexico,35,2000,1821204
New Mexico,35,2001,1831690
New Mexico,35,2002,1855309
New Mexico,35,2003,1877574
New Mexico,35,2004,1903808
New Mexico,35,2005,1932274
New Mexico,35,2006,1962137
New Mexico,35,2007,1990070
New Mexico,35,2008,2010662
New Mexico,35,2009,2036802
New Mexico,35,2010,2064607
New Mexico,35,2011,2077744
New Mexico,35,2012,2083590
New Mexico,35,2013,2085161
New Mexico,35,2014,2083207
New Mexico,35,2015,2082264
New Mexico,35,2016,2085432
New Mexico,35,2017,2088070
New York,36,1971,18357982
New York,36,1972,18339400
New York,36,1973,18177063
New York,36,1974,18049775
New York,36,1975,18003485
New York,36,1976,17940541
New York,36,1977,17812602
New York,36,1978,17680589
New York,36,1979,17583838
New York,36,1980,17560004.4
New York,36,1981,17567734
New York,36,1982,17589738
New York,36,1983,17686905
New York,36,1984,17745684
New York,36,1985,17791672
New York,36,1986,17833419
New York,36,1987,17868848
New York,36,1988,17941309
New York,36,1989,17983086
New York,36,1990,18002855
New York,36,1991,18029532
New York,36,1992,18082032
New York,36,1993,18140894
New York,36,1994,18156652
New York,36,1995,18150928
New York,36,1996,18143805
New York,36,1997,18143184
New York,36,1998,18159175
New York,36,1999,18196601
New York,36,2000,19001780
New York,36,2001,19082838
New York,36,2002,19137800
New York,36,2003,19175939
New York,36,2004,19171567
New York,36,2005,19132610
New York,36,2006,19104631
New York,36,2007,19132335
New York,36,2008,19212436
New York,36,2009,19307066
New York,36,2010,19405185
New York,36,2011,19526372
New York,36,2012,19625409
New York,36,2013,19712514
New York,36,2014,19773580
New York,36,2015,19819347
New York,36,2016,19836286
New York,36,2017,19849399
North Carolina,37,1971,5203531
North Carolina,37,1972,5301150
North Carolina,37,1973,5389852
North Carolina,37,1974,5470911
North Carolina,37,1975,5547188
North Carolina,37,1976,5607964
North Carolina,37,1977,5685607
North Carolina,37,1978,5759492
North Carolina,37,1979,5823491
North Carolina,37,1980,5896743.4
North Carolina,37,1981,5956653
North Carolina,37,1982,6019101
North Carolina,37,1983,6077056
North Carolina,37,1984,6164006
North Carolina,37,1985,6253954
North Carolina,37,1986,6321578
North Carolina,37,1987,6403700
North Carolina,37,1988,6480594
North Carolina,37,1989,6565459
North Carolina,37,1990,6656987
North Carolina,37,1991,6748135
North Carolina,37,1992,6831850
North Carolina,37,1993,6947412
North Carolina,37,1994,7060959
North Carolina,37,1995,7185403
North Carolina,37,1996,7307658
North Carolina,37,1997,7428672
North Carolina,37,1998,7545828
North Carolina,37,1999,7650789
North Carolina,37,2000,8081614
North Carolina,37,2001,8210122
North Carolina,37,2002,8326201
North Carolina,37,2003,8422501
North Carolina,37,2004,8553152
North Carolina,37,2005,8705407
North Carolina,37,2006,8917270
North Carolina,37,2007,9118037
North Carolina,37,2008,9309449
North Carolina,37,2009,9449566
North Carolina,37,2010,9574247
North Carolina,37,2011,9662940
North Carolina,37,2012,9755299
North Carolina,37,2013,9849812
North Carolina,37,2014,9941160
North Carolina,37,2015,10041769
North Carolina,37,2016,10156689
North Carolina,37,2017,10273419
North Dakota,38,1971,626760
North Dakota,38,1972,631119
North Dakota,38,1973,632675
North Dakota,38,1974,634559
North Dakota,38,1975,638886
North Dakota,38,1976,645797
North Dakota,38,1977,649769
North Dakota,38,1978,651301
North Dakota,38,1979,652896
North Dakota,38,1980,654074.6
North Dakota,38,1981,659505
North Dakota,38,1982,668972
North Dakota,38,1983,676688
North Dakota,38,1984,680497
North Dakota,38,1985,676980
North Dakota,38,1986,669512
North Dakota,38,1987,661136
North Dakota,38,1988,655331
North Dakota,38,1989,646351
North Dakota,38,1990,637364
North Dakota,38,1991,634199
North Dakota,38,1992,635427
North Dakota,38,1993,637229
North Dakota,38,1994,639762
North Dakota,38,1995,641548
North Dakota,38,1996,642858
North Dakota,38,1997,640945
North Dakota,38,1998,637808
North Dakota,38,1999,633666
North Dakota,38,2000,642023
North Dakota,38,2001,639062
North Dakota,38,2002,638168
North Dakota,38,2003,638817
North Dakota,38,2004,644705
North Dakota,38,2005,646089
North Dakota,38,2006,649422
North Dakota,38,2007,652822
North Dakota,38,2008,657569
North Dakota,38,2009,664968
North Dakota,38,2010,674518
North Dakota,38,2011,684830
North Dakota,38,2012,701380
North Dakota,38,2013,722908
North Dakota,38,2014,738658
North Dakota,38,2015,754859
North Dakota,38,2016,755548
North Dakota,38,2017,755393
Ohio,39,1971,10734818
Ohio,39,1972,10746993
Ohio,39,1973,10767314
Ohio,39,1974,10765759
Ohio,39,1975,10770425
Ohio,39,1976,10752662
Ohio,39,1977,10771394
Ohio,39,1978,10795581
Ohio,39,1979,10798298
Ohio,39,1980,10795770
Ohio,39,1981,10788330
Ohio,39,1982,10757087
Ohio,39,1983,10737632
Ohio,39,1984,10737746
Ohio,39,1985,10734926
Ohio,39,1986,10730268
Ohio,39,1987,10760090
Ohio,39,1988,10798552
Ohio,39,1989,10829217
Ohio,39,1990,10861837
Ohio,39,1991,10933683
Ohio,39,1992,11007609
Ohio,39,1993,11070385
Ohio,39,1994,11111451
Ohio,39,1995,11155493
Ohio,39,1996,11187032
Ohio,39,1997,11212498
Ohio,39,1998,11237752
Ohio,39,1999,11256654
Ohio,39,2000,11363543
Ohio,39,2001,11387404
Ohio,39,2002,11407889
Ohio,39,2003,11434788
Ohio,39,2004,11452251
Ohio,39,2005,11463320
Ohio,39,2006,11481213
Ohio,39,2007,11500468
Ohio,39,2008,11515391
Ohio,39,2009,11528896
Ohio,39,2010,11539282
Ohio,39,2011,11543332
Ohio,39,2012,11546969
Ohio,39,2013,11567845
Ohio,39,2014,11593741
Ohio,39,2015,11606027
Ohio,39,2016,11622554
Ohio,39,2017,11658609
Oklahoma,40,1971,2618601
Oklahoma,40,1972,2658646
Oklahoma,40,1973,2695931
Oklahoma,40,1974,2734768
Oklahoma,40,1975,2774683
Oklahoma,40,1976,2826815
Oklahoma,40,1977,2870014
Oklahoma,40,1978,2917336
Oklahoma,40,1979,2975310
Oklahoma,40,1980,3039464.8
Oklahoma,40,1981,3096164
Oklahoma,40,1982,3206123
Oklahoma,40,1983,3290402
Oklahoma,40,1984,3285533
Oklahoma,40,1985,3271332
Oklahoma,40,1986,3252735
Oklahoma,40,1987,3210122
Oklahoma,40,1988,3167057
Oklahoma,40,1989,3150307
Oklahoma,40,1990,3147105
Oklahoma,40,1991,3166471
Oklahoma,40,1992,3204174
Oklahoma,40,1993,3228829
Oklahoma,40,1994,3246119
Oklahoma,40,1995,3265547
Oklahoma,40,1996,3289634
Oklahoma,40,1997,3314259
Oklahoma,40,1998,3339478
Oklahoma,40,1999,3358044
Oklahoma,40,2000,3454365
Oklahoma,40,2001,3467100
Oklahoma,40,2002,3489080
Oklahoma,40,2003,3504892
Oklahoma,40,2004,3525233
Oklahoma,40,2005,3548597
Oklahoma,40,2006,3594090
Oklahoma,40,2007,3634349
Oklahoma,40,2008,3668976
Oklahoma,40,2009,3717572
Oklahoma,40,2010,3759529
Oklahoma,40,2011,3785232
Oklahoma,40,2012,3815298
Oklahoma,40,2013,3849840
Oklahoma,40,2014,3875008
Oklahoma,40,2015,3904353
Oklahoma,40,2016,3921207
Oklahoma,40,2017,3930864
Oregon,41,1971,2151022
Oregon,41,1972,2197297
Oregon,41,1973,2241932
Oregon,41,1974,2285013
Oregon,41,1975,2329661
Oregon,41,1976,2378262
Oregon,41,1977,2446673
Oregon,41,1978,2518298
Oregon,41,1979,2588012
Oregon,41,1980,2640080.4
Oregon,41,1981,2667982
Oregon,41,1982,2664922
Oregon,41,1983,2653066
Oregon,41,1984,2666588
Oregon,41,1985,2672652
Oregon,41,1986,2683528
Oregon,41,1987,2700991
Oregon,41,1988,2741297
Oregon,41,1989,2790575
Oregon,41,1990,2858547
Oregon,41,1991,2918745
Oregon,41,1992,2973934
Oregon,41,1993,3034490
Oregon,41,1994,3087142
Oregon,41,1995,3141421
Oregon,41,1996,3195087
Oregon,41,1997,3243254
Oregon,41,1998,3282055
Oregon,41,1999,3316154
Oregon,41,2000,3429708
Oregon,41,2001,3467937
Oregon,41,2002,3513424
Oregon,41,2003,3547376
Oregon,41,2004,3569463
Oregon,41,2005,3613202
Oregon,41,2006,3670883
Oregon,41,2007,3722417
Oregon,41,2008,3768748
Oregon,41,2009,3808600
Oregon,41,2010,3837073
Oregon,41,2011,3865845
Oregon,41,2012,3893920
Oregon,41,2013,3919664
Oregon,41,2014,3960673
Oregon,41,2015,4016537
Oregon,41,2016,4085989
Oregon,41,2017,4142776
Pennsylvania,42,1971,11886400
Pennsylvania,42,1972,11908233
Pennsylvania,42,1973,11890527
Pennsylvania,42,1974,11870884
Pennsylvania,42,1975,11906095
Pennsylvania,42,1976,11897378
Pennsylvania,42,1977,11893591
Pennsylvania,42,1978,11879396
Pennsylvania,42,1979,11887975
Pennsylvania,42,1980,11862829.4
Pennsylvania,42,1981,11858567
Pennsylvania,42,1982,11845146
Pennsylvania,42,1983,11837723
Pennsylvania,42,1984,11815172
Pennsylvania,42,1985,11770862
Pennsylvania,42,1986,11782752
Pennsylvania,42,1987,11810866
Pennsylvania,42,1988,11845752
Pennsylvania,42,1989,11865996
Pennsylvania,42,1990,11895604
Pennsylvania,42,1991,11943160
Pennsylvania,42,1992,11980819
Pennsylvania,42,1993,12022128
Pennsylvania,42,1994,12042545
Pennsylvania,42,1995,12044780
Pennsylvania,42,1996,12038008
Pennsylvania,42,1997,12015888
Pennsylvania,42,1998,12002329
Pennsylvania,42,1999,11994016
Pennsylvania,42,2000,12284173
Pennsylvania,42,2001,12298970
Pennsylvania,42,2002,12331031
Pennsylvania,42,2003,12374658
Pennsylvania,42,2004,12410722
Pennsylvania,42,2005,12449990
Pennsylvania,42,2006,12510809
Pennsylvania,42,2007,12563937
Pennsylvania,42,2008,12612285
Pennsylvania,42,2009,12666858
Pennsylvania,42,2010,12711063
Pennsylvania,42,2011,12742811
Pennsylvania,42,2012,12768034
Pennsylvania,42,2013,12778450
Pennsylvania,42,2014,12790341
Pennsylvania,42,2015,12791124
Pennsylvania,42,2016,12787085
Pennsylvania,42,2017,12805537
Rhode Island,44,1971,963107
Rhode Island,44,1972,974790
Rhode Island,44,1973,975738
Rhode Island,44,1974,950615
Rhode Island,44,1975,942788
Rhode Island,44,1976,946089
Rhode Island,44,1977,950230
Rhode Island,44,1978,951816
Rhode Island,44,1979,950382
Rhode Island,44,1980,948325.8
Rhode Island,44,1981,953013
Rhode Island,44,1982,954170
Rhode Island,44,1983,956382
Rhode Island,44,1984,961894
Rhode Island,44,1985,968955
Rhode Island,44,1986,977341
Rhode Island,44,1987,989604
Rhode Island,44,1988,996408
Rhode Island,44,1989,1000666
Rhode Island,44,1990,1004649
Rhode Island,44,1991,1003990
Rhode Island,44,1992,1000571
Rhode Island,44,1993,997852
Rhode Island,44,1994,993412
Rhode Island,44,1995,989203
Rhode Island,44,1996,987858
Rhode Island,44,1997,986966
Rhode Island,44,1998,987704
Rhode Island,44,1999,990819
Rhode Island,44,2000,1050268
Rhode Island,44,2001,1057142
Rhode Island,44,2002,1065995
Rhode Island,44,2003,1071342
Rhode Island,44,2004,1074579
Rhode Island,44,2005,1067916
Rhode Island,44,2006,1063096
Rhode Island,44,2007,1057315
Rhode Island,44,2008,1055003
Rhode Island,44,2009,1053646
Rhode Island,44,2010,1053169
Rhode Island,44,2011,1052154
Rhode Island,44,2012,1052761
Rhode Island,44,2013,1052784
Rhode Island,44,2014,1054782
Rhode Island,44,2015,1055916
Rhode Island,44,2016,1057566
Rhode Island,44,2017,1059639
South Carolina,45,1971,2662269
South Carolina,45,1972,2719197
South Carolina,45,1973,2776605
South Carolina,45,1974,2844749
South Carolina,45,1975,2902028
South Carolina,45,1976,2943657
South Carolina,45,1977,2991681
South Carolina,45,1978,3044364
South Carolina,45,1979,3090267
South Carolina,45,1980,3133307
South Carolina,45,1981,3179255
South Carolina,45,1982,3207614
South Carolina,45,1983,3234066
South Carolina,45,1984,3271868
South Carolina,45,1985,3303209
South Carolina,45,1986,3342758
South Carolina,45,1987,3380506
South Carolina,45,1988,3412096
South Carolina,45,1989,3456775
South Carolina,45,1990,3499064
South Carolina,45,1991,3559470
South Carolina,45,1992,3600576
South Carolina,45,1993,3634507
South Carolina,45,1994,3666456
South Carolina,45,1995,3699943
South Carolina,45,1996,3738974
South Carolina,45,1997,3790066
South Carolina,45,1998,3839578
South Carolina,45,1999,3885736
South Carolina,45,2000,4024223
South Carolina,45,2001,4064995
South Carolina,45,2002,4107795
South Carolina,45,2003,4150297
South Carolina,45,2004,4210921
South Carolina,45,2005,4270150
South Carolina,45,2006,4357847
South Carolina,45,2007,4444110
South Carolina,45,2008,4528996
South Carolina,45,2009,4589872
South Carolina,45,2010,4635834
South Carolina,45,2011,4672744
South Carolina,45,2012,4719009
South Carolina,45,2013,4765862
South Carolina,45,2014,4824758
South Carolina,45,2015,4892423
South Carolina,45,2016,4959822
South Carolina,45,2017,5024369
South Dakota,46,1971,671297
South Dakota,46,1972,677234
South Dakota,46,1973,678715
South Dakota,46,1974,679585
South Dakota,46,1975,681042
South Dakota,46,1976,686390
South Dakota,46,1977,688480
South Dakota,46,1978,688580
South Dakota,46,1979,688335
South Dakota,46,1980,690531.2
South Dakota,46,1981,689584
South Dakota,46,1982,690597
South Dakota,46,1983,693008
South Dakota,46,1984,697249
South Dakota,46,1985,698402
South Dakota,46,1986,696034
South Dakota,46,1987,696036
South Dakota,46,1988,698165
South Dakota,46,1989,696701
South Dakota,46,1990,696667
South Dakota,46,1991,701445
South Dakota,46,1992,708698
South Dakota,46,1993,716258
South Dakota,46,1994,723038
South Dakota,46,1995,728251
South Dakota,46,1996,730699
South Dakota,46,1997,730855
South Dakota,46,1998,730789
South Dakota,46,1999,733133
South Dakota,46,2000,755844
South Dakota,46,2001,757972
South Dakota,46,2002,760020
South Dakota,46,2003,763729
South Dakota,46,2004,770396
South Dakota,46,2005,775493
South Dakota,46,2006,783033
South Dakota,46,2007,791623
South Dakota,46,2008,799124
South Dakota,46,2009,807067
South Dakota,46,2010,816227
South Dakota,46,2011,823338
South Dakota,46,2012,832576
South Dakota,46,2013,842513
South Dakota,46,2014,849455
South Dakota,46,2015,854036
South Dakota,46,2016,861542
South Dakota,46,2017,869666
Tennessee,47,1971,4013608
Tennessee,47,1972,4094611
Tennessee,47,1973,4147401
Tennessee,47,1974,4213509
Tennessee,47,1975,4275566
Tennessee,47,1976,4346928
Tennessee,47,1977,4422921
Tennessee,47,1978,4486314
Tennessee,47,1979,4560473
Tennessee,47,1980,4598427.6
Tennessee,47,1981,4627658
Tennessee,47,1982,4646041
Tennessee,47,1983,4659749
Tennessee,47,1984,4686737
Tennessee,47,1985,4715296
Tennessee,47,1986,4738708
Tennessee,47,1987,4782927
Tennessee,47,1988,4822437
Tennessee,47,1989,4854444
Tennessee,47,1990,4890626
Tennessee,47,1991,4946886
Tennessee,47,1992,5013999
Tennessee,47,1993,5085666
Tennessee,47,1994,5163016
Tennessee,47,1995,5241168
Tennessee,47,1996,5313576
Tennessee,47,1997,5378433
Tennessee,47,1998,5432679
Tennessee,47,1999,5483535
Tennessee,47,2000,5703719
Tennessee,47,2001,5750789
Tennessee,47,2002,5795918
Tennessee,47,2003,5847812
Tennessee,47,2004,5910809
Tennessee,47,2005,5991057
Tennessee,47,2006,6088766
Tennessee,47,2007,6175727
Tennessee,47,2008,6247411
Tennessee,47,2009,6306019
Tennessee,47,2010,6355882
Tennessee,47,2011,6396281
Tennessee,47,2012,6450632
Tennessee,47,2013,6490795
Tennessee,47,2014,6540007
Tennessee,47,2015,6590726
Tennessee,47,2016,6649404
Tennessee,47,2017,6715984
Texas,48,1971,11509848
Texas,48,1972,11759148
Texas,48,1973,12019543
Texas,48,1974,12268629
Texas,48,1975,12568843
Texas,48,1976,12904089
Texas,48,1977,13193050
Texas,48,1978,13500429
Texas,48,1979,13888371
Texas,48,1980,14332616.4
Texas,48,1981,14746318
Texas,48,1982,15331415
Texas,48,1983,15751676
Texas,48,1984,16007086
Texas,48,1985,16272734
Texas,48,1986,16561113
Texas,48,1987,16621791
Texas,48,1988,16667022
Texas,48,1989,16806735
Texas,48,1990,17044714
Texas,48,1991,17339904
Texas,48,1992,17650479
Texas,48,1993,17996764
Texas,48,1994,18338319
Texas,48,1995,18679706
Texas,48,1996,19006240
Texas,48,1997,19355427
Texas,48,1998,19712389
Texas,48,1999,20044141
Texas,48,2000,20944499
Texas,48,2001,21319622
Texas,48,2002,21690325
Texas,48,2003,22030931
Texas,48,2004,22394023
Texas,48,2005,22778123
Texas,48,2006,23359580
Texas,48,2007,23831983
Texas,48,2008,24309039
Texas,48,2009,24801761
Texas,48,2010,25241648
Texas,48,2011,25644424
Texas,48,2012,26078327
Texas,48,2013,26479279
Texas,48,2014,26954436
Texas,48,2015,27454880
Texas,48,2016,27904862
Texas,48,2017,28304596
Utah,49,1971,1101192
Utah,49,1972,1135449
Utah,49,1973,1170040
Utah,49,1974,1200471
Utah,49,1975,1236030
Utah,49,1976,1274928
Utah,49,1977,1319512
Utah,49,1978,1367510
Utah,49,1979,1420238
Utah,49,1980,1471923.8
Utah,49,1981,1515471
Utah,49,1982,1558314
Utah,49,1983,1594943
Utah,49,1984,1622342
Utah,49,1985,1642910
Utah,49,1986,1662834
Utah,49,1987,1678119
Utah,49,1988,1689372
Utah,49,1989,1705864
Utah,49,1990,1729722
Utah,49,1991,1771941
Utah,49,1992,1821498
Utah,49,1993,1875993
Utah,49,1994,1930436
Utah,49,1995,1976774
Utah,49,1996,2022253
Utah,49,1997,2065397
Utah,49,1998,2100562
Utah,49,1999,2129836
Utah,49,2000,2244502
Utah,49,2001,2283715
Utah,49,2002,2324815
Utah,49,2003,2360137
Utah,49,2004,2401580
Utah,49,2005,2457719
Utah,49,2006,2525507
Utah,49,2007,2597746
Utah,49,2008,2663029
Utah,49,2009,2723421
Utah,49,2010,2775260
Utah,49,2011,2815430
Utah,49,2012,2854222
Utah,49,2013,2899961
Utah,49,2014,2938671
Utah,49,2015,2984917
Utah,49,2016,3044321
Utah,49,2017,3101833
Vermont,50,1971,454318
Vermont,50,1972,463143
Vermont,50,1973,468430
Vermont,50,1974,473002
Vermont,50,1975,479713
Vermont,50,1976,484928
Vermont,50,1977,491931
Vermont,50,1978,498109
Vermont,50,1979,505372
Vermont,50,1980,512283.6
Vermont,50,1981,515594
Vermont,50,1982,519109
Vermont,50,1983,523302
Vermont,50,1984,526660
Vermont,50,1985,530035
Vermont,50,1986,534066
Vermont,50,1987,540267
Vermont,50,1988,549763
Vermont,50,1989,557707
Vermont,50,1990,564526
Vermont,50,1991,567141
Vermont,50,1992,570115
Vermont,50,1993,574004
Vermont,50,1994,578900
Vermont,50,1995,582827
Vermont,50,1996,586352
Vermont,50,1997,588665
Vermont,50,1998,590579
Vermont,50,1999,593740
Vermont,50,2000,609618
Vermont,50,2001,612223
Vermont,50,2002,615442
Vermont,50,2003,617858
Vermont,50,2004,619920
Vermont,50,2005,621215
Vermont,50,2006,622892
Vermont,50,2007,623481
Vermont,50,2008,624151
Vermont,50,2009,624817
Vermont,50,2010,625842
Vermont,50,2011,626210
Vermont,50,2012,625606
Vermont,50,2013,626044
Vermont,50,2014,625665
Vermont,50,2015,624455
Vermont,50,2016,623354
Vermont,50,2017,623657
Virginia,51,1971,4750838
Virginia,51,1972,4824472
Virginia,51,1973,4901292
Virginia,51,1974,4971069
Virginia,51,1975,5047395
Virginia,51,1976,5121863
Virginia,51,1977,5193112
Virginia,51,1978,5270240
Virginia,51,1979,5307945
Virginia,51,1980,5366273.8
Virginia,51,1981,5444097
Virginia,51,1982,5492783
Virginia,51,1983,5564657
Virginia,51,1984,5643870
Virginia,51,1985,5715153
Virginia,51,1986,5811700
Virginia,51,1987,5932268
Virginia,51,1988,6036909
Virginia,51,1989,6120246
Virginia,51,1990,6213526
Virginia,51,1991,6283853
Virginia,51,1992,6383315
Virginia,51,1993,6464795
Virginia,51,1994,6536771
Virginia,51,1995,6601392
Virginia,51,1996,6665491
Virginia,51,1997,6732878
Virginia,51,1998,6789225
Virginia,51,1999,6872912
Virginia,51,2000,7105817
Virginia,51,2001,7198362
Virginia,51,2002,7286873
Virginia,51,2003,7366977
Virginia,51,2004,7475575
Virginia,51,2005,7577105
Virginia,51,2006,7673725
Virginia,51,2007,7751000
Virginia,51,2008,7833496
Virginia,51,2009,7925937
Virginia,51,2010,8025206
Virginia,51,2011,8107548
Virginia,51,2012,8188656
Virginia,51,2013,8261689
Virginia,51,2014,8316902
Virginia,51,2015,8366767
Virginia,51,2016,8414380
Virginia,51,2017,8470020
Washington,53,1971,3447553
Washington,53,1972,3447885
Washington,53,1973,3478782
Washington,53,1974,3549946
Washington,53,1975,3621339
Washington,53,1976,3693610
Washington,53,1977,3776050
Washington,53,1978,3889073
Washington,53,1979,4017632
Washington,53,1980,4152871
Washington,53,1981,4235731
Washington,53,1982,4276552
Washington,53,1983,4300266
Washington,53,1984,4343656
Washington,53,1985,4400098
Washington,53,1986,4452720
Washington,53,1987,4531901
Washington,53,1988,4639893
Washington,53,1989,4746316
Washington,53,1990,4900780
Washington,53,1991,5013443
Washington,53,1992,5139011
Washington,53,1993,5247704
Washington,53,1994,5334896
Washington,53,1995,5431024
Washington,53,1996,5509963
Washington,53,1997,5604105
Washington,53,1998,5687832
Washington,53,1999,5756361
Washington,53,2000,5910512
Washington,53,2001,5985722
Washington,53,2002,6052349
Washington,53,2003,6104115
Washington,53,2004,6178645
Washington,53,2005,6257305
Washington,53,2006,6370753
Washington,53,2007,6461587
Washington,53,2008,6562231
Washington,53,2009,6667426
Washington,53,2010,6741386
Washington,53,2011,6819155
Washington,53,2012,6890899
Washington,53,2013,6963410
Washington,53,2014,7046931
Washington,53,2015,7152818
Washington,53,2016,7280934
Washington,53,2017,7405743
West Virginia,54,1971,1770657
West Virginia,54,1972,1797648
West Virginia,54,1973,1806360
West Virginia,54,1974,1815447
West Virginia,54,1975,1842250
West Virginia,54,1976,1879503
West Virginia,54,1977,1908088
West Virginia,54,1978,1923395
West Virginia,54,1979,1942146
West Virginia,54,1980,1950540
West Virginia,54,1981,1954124
West Virginia,54,1982,1949604
West Virginia,54,1983,1945061
West Virginia,54,1984,1927697
West Virginia,54,1985,1906831
West Virginia,54,1986,1882350
West Virginia,54,1987,1857585
West Virginia,54,1988,1830215
West Virginia,54,1989,1806568
West Virginia,54,1990,1792481
West Virginia,54,1991,1798212
West Virginia,54,1992,1805462
West Virginia,54,1993,1816179
West Virginia,54,1994,1818490
West Virginia,54,1995,1820560
West Virginia,54,1996,1818983
West Virginia,54,1997,1815588
West Virginia,54,1998,1811688
West Virginia,54,1999,1806928
West Virginia,54,2000,1807021
West Virginia,54,2001,1801481
West Virginia,54,2002,1805414
West Virginia,54,2003,1812295
West Virginia,54,2004,1816438
West Virginia,54,2005,1820492
West Virginia,54,2006,1827912
West Virginia,54,2007,1834052
West Virginia,54,2008,1840310
West Virginia,54,2009,1847775
West Virginia,54,2010,1854315
West Virginia,54,2011,1854891
West Virginia,54,2012,1855360
West Virginia,54,2013,1852333
West Virginia,54,2014,1847624
West Virginia,54,2015,1839767
West Virginia,54,2016,1828637
West Virginia,54,2017,1815857
Wisconsin,55,1971,4462155
Wisconsin,55,1972,4502412
Wisconsin,55,1973,4524244
Wisconsin,55,1974,4545782
Wisconsin,55,1975,4578986
Wisconsin,55,1976,4595904
Wisconsin,55,1977,4626514
Wisconsin,55,1978,4646108
Wisconsin,55,1979,4682811
Wisconsin,55,1980,4709882.2
Wisconsin,55,1981,4726343
Wisconsin,55,1982,4728870
Wisconsin,55,1983,4721438
Wisconsin,55,1984,4735563
Wisconsin,55,1985,4747767
Wisconsin,55,1986,4755618
Wisconsin,55,1987,4777919
Wisconsin,55,1988,4822388
Wisconsin,55,1989,4856574
Wisconsin,55,1990,4902265
Wisconsin,55,1991,4952675
Wisconsin,55,1992,5004636
Wisconsin,55,1993,5055318
Wisconsin,55,1994,5095504
Wisconsin,55,1995,5137004
Wisconsin,55,1996,5173828
Wisconsin,55,1997,5200235
Wisconsin,55,1998,5222124
Wisconsin,55,1999,5250446
Wisconsin,55,2000,5373999
Wisconsin,55,2001,5406835
Wisconsin,55,2002,5445162
Wisconsin,55,2003,5479203
Wisconsin,55,2004,5514026
Wisconsin,55,2005,5546166
Wisconsin,55,2006,5577655
Wisconsin,55,2007,5610775
Wisconsin,55,2008,5640996
Wisconsin,55,2009,5669264
Wisconsin,55,2010,5690403
Wisconsin,55,2011,5705812
Wisconsin,55,2012,5721075
Wisconsin,55,2013,5736673
Wisconsin,55,2014,5751272
Wisconsin,55,2015,5759744
Wisconsin,55,2016,5772917
Wisconsin,55,2017,5795483
Wyoming,56,1971,340285
Wyoming,56,1972,347345
Wyoming,56,1973,354061
Wyoming,56,1974,365501
Wyoming,56,1975,381695
Wyoming,56,1976,396952
Wyoming,56,1977,413354
Wyoming,56,1978,432880
Wyoming,56,1979,454378
Wyoming,56,1980,473988
Wyoming,56,1981,491712
Wyoming,56,1982,506400
Wyoming,56,1983,510345
Wyoming,56,1984,504896
Wyoming,56,1985,499695
Wyoming,56,1986,495633
Wyoming,56,1987,476965
Wyoming,56,1988,465101
Wyoming,56,1989,458374
Wyoming,56,1990,453401
Wyoming,56,1991,457739
Wyoming,56,1992,463491
Wyoming,56,1993,469033
Wyoming,56,1994,474982
Wyoming,56,1995,478447
Wyoming,56,1996,480085
Wyoming,56,1997,480031
Wyoming,56,1998,480045
Wyoming,56,1999,479602
Wyoming,56,2000,494300
Wyoming,56,2001,494657
Wyoming,56,2002,500017
Wyoming,56,2003,503453
Wyoming,56,2004,509106
Wyoming,56,2005,514157
Wyoming,56,2006,522667
Wyoming,56,2007,534876
Wyoming,56,2008,546043
Wyoming,56,2009,559851
Wyoming,56,2010,564376
Wyoming,56,2011,567602
Wyoming,56,2012,576608
Wyoming,56,2013,582341
Wyoming,56,2014,583334
Wyoming,56,2015,586102
Wyoming,56,2016,584910
Wyoming,56,2017,579315
